date;state;city;place_type;confirmed;deaths;is_last;estimated_population_2019;city_ibge_code;confirmed_per_100k_inhabitants;death_rate
25/02/2020;SP;;state;1;0;False;45919049;35;0.00218;
26/02/2020;SP;;state;1;0;False;45919049;35;0.00218;
27/02/2020;SP;;state;1;0;False;45919049;35;0.00218;
28/02/2020;SP;;state;2;0;False;45919049;35;0.00436;
29/02/2020;SP;;state;2;0;False;45919049;35;0.00436;
01/03/2020;SP;;state;2;0;False;45919049;35;0.00436;
02/03/2020;SP;;state;2;0;False;45919049;35;0.00436;
03/03/2020;SP;;state;2;0;False;45919049;35;0.00436;
04/03/2020;SP;;state;3;0;False;45919049;35;0.00653;
05/03/2020;ES;;state;1;0;False;4018650;32;0.02488;
05/03/2020;RJ;;state;1;0;False;17264943;33;0.00579;
05/03/2020;SP;;state;6;0;False;45919049;35;0.01307;
06/03/2020;BA;;state;1;0;False;14873064;29;0.00672;
06/03/2020;ES;;state;1;0;False;4018650;32;0.02488;
06/03/2020;RJ;;state;2;0;False;17264943;33;0.01158;
06/03/2020;SP;;state;10;0;False;45919049;35;0.02178;
07/03/2020;BA;;state;2;0;False;14873064;29;0.01345;
07/03/2020;DF;;state;1;0;False;3015268;53;0.03316;
07/03/2020;ES;;state;1;0;False;4018650;32;0.02488;
07/03/2020;SP;;state;13;0;False;45919049;35;0.02831;
08/03/2020;AL;;state;1;0;False;3337357;27;0.02996;
08/03/2020;DF;;state;1;0;False;3015268;53;0.03316;
08/03/2020;ES;;state;1;0;False;4018650;32;0.02488;
08/03/2020;MG;;state;1;0;False;21168791;31;0.00472;
08/03/2020;RJ;;state;3;0;False;17264943;33;0.01738;
08/03/2020;SP;;state;16;0;False;45919049;35;0.03484;
09/03/2020;AL;;state;1;0;False;3337357;27;0.02996;
09/03/2020;BA;;state;2;0;False;14873064;29;0.01345;
09/03/2020;DF;;state;1;0;False;3015268;53;0.03316;
09/03/2020;ES;;state;1;0;False;4018650;32;0.02488;
09/03/2020;MG;;state;1;0;False;21168791;31;0.00472;
09/03/2020;SP;;state;16;0;False;45919049;35;0.03484;
10/03/2020;AL;;state;1;0;False;3337357;27;0.02996;
10/03/2020;BA;;state;2;0;False;14873064;29;0.01345;
10/03/2020;DF;;state;1;0;False;3015268;53;0.03316;
10/03/2020;ES;;state;1;0;False;4018650;32;0.02488;
10/03/2020;MG;;state;1;0;False;21168791;31;0.00472;
10/03/2020;RS;;state;1;0;False;11377239;43;0.00879;
10/03/2020;SP;;state;19;0;False;45919049;35;0.04138;
11/03/2020;BA;;state;3;0;False;14873064;29;0.02017;
11/03/2020;DF;;state;2;0;False;3015268;53;0.06633;
11/03/2020;ES;;state;1;0;False;4018650;32;0.02488;
11/03/2020;MG;;state;1;0;False;21168791;31;0.00472;
11/03/2020;RS;;state;2;0;False;11377239;43;0.01758;
11/03/2020;SP;;state;30;0;False;45919049;35;0.06533;
12/03/2020;AL;;state;1;0;False;3337357;27;0.02996;
12/03/2020;BA;;state;3;0;False;14873064;29;0.02017;
12/03/2020;DF;;state;2;0;False;3015268;53;0.06633;
12/03/2020;ES;;state;2;0;False;4018650;32;0.04977;
12/03/2020;GO;;state;3;0;False;7018354;52;0.04275;
12/03/2020;MG;;state;2;0;False;21168791;31;0.00945;
12/03/2020;PB;;state;0;0;False;4018127;25;;
12/03/2020;PE;;state;2;0;False;9557071;26;0.02093;
12/03/2020;PR;;state;6;0;False;11433957;41;0.05248;
12/03/2020;RJ;;state;15;0;False;17264943;33;0.08688;
12/03/2020;RN;;state;1;0;False;3506853;24;0.02852;
12/03/2020;RS;;state;4;0;False;11377239;43;0.03516;
12/03/2020;SC;;state;2;0;False;7164788;42;0.02791;
12/03/2020;SP;;state;46;0;False;45919049;35;0.10018;
13/03/2020;AL;;state;1;0;False;3337357;27;0.02996;
13/03/2020;AM;;state;2;0;False;4144597;13;0.04826;
13/03/2020;BA;;state;7;0;False;14873064;29;0.04706;
13/03/2020;DF;;state;2;0;False;3015268;53;0.06633;
13/03/2020;ES;;state;2;0;False;4018650;32;0.04977;
13/03/2020;GO;;state;3;0;False;7018354;52;0.04275;
13/03/2020;MG;;state;2;0;False;21168791;31;0.00945;
13/03/2020;PB;;state;0;0;False;4018127;25;;
13/03/2020;PE;;state;2;0;False;9557071;26;0.02093;
13/03/2020;PR;;state;6;0;False;11433957;41;0.05248;
13/03/2020;RN;;state;1;0;False;3506853;24;0.02852;
13/03/2020;RS;;state;4;0;False;11377239;43;0.03516;
13/03/2020;SC;;state;3;0;False;7164788;42;0.04187;
14/03/2020;DF;;state;8;0;False;3015268;53;0.26532;
14/03/2020;ES;;state;4;0;False;4018650;32;0.09954;
14/03/2020;GO;;state;4;0;False;7018354;52;0.05699;
14/03/2020;MG;;state;4;0;False;21168791;31;0.0189;
14/03/2020;MS;;state;2;0;False;2778986;50;0.07197;
14/03/2020;PB;;state;0;0;False;4018127;25;;
14/03/2020;PE;;state;7;0;False;9557071;26;0.07324;
14/03/2020;SC;;state;5;0;False;7164788;42;0.06979;
14/03/2020;SE;;state;1;0;False;2298696;28;0.0435;
14/03/2020;SP;;state;65;0;False;45919049;35;0.14155;
15/03/2020;BA;;state;9;0;False;14873064;29;0.06051;
15/03/2020;DF;;state;14;0;False;3015268;53;0.4643;
15/03/2020;ES;;state;4;0;False;4018650;32;0.09954;
15/03/2020;GO;;state;4;0;False;7018354;52;0.05699;
15/03/2020;MS;;state;2;0;False;2778986;50;0.07197;
15/03/2020;PB;;state;0;0;False;4018127;25;;
15/03/2020;PE;;state;8;0;False;9557071;26;0.08371;
15/03/2020;RJ;;state;24;0;False;17264943;33;0.13901;
15/03/2020;SC;;state;6;0;False;7164788;42;0.08374;
16/03/2020;AL;;state;1;0;False;3337357;27;0.02996;
16/03/2020;BA;;state;10;0;False;14873064;29;0.06724;
16/03/2020;CE;;state;9;0;False;9132078;23;0.09855;
16/03/2020;DF;;state;19;0;False;3015268;53;0.63013;
16/03/2020;ES;;state;8;0;False;4018650;32;0.19907;
16/03/2020;GO;;state;9;0;False;7018354;52;0.12824;
16/03/2020;MG;;state;6;0;False;21168791;31;0.02834;
16/03/2020;MS;;state;4;0;False;2778986;50;0.14394;
16/03/2020;PB;;state;0;0;False;4018127;25;;
16/03/2020;PE;;state;8;0;False;9557071;26;0.08371;
16/03/2020;PR;;state;6;0;False;11433957;41;0.05248;
16/03/2020;RJ;;state;25;0;False;17264943;33;0.1448;
16/03/2020;RN;;state;1;0;False;3506853;24;0.02852;
16/03/2020;RS;;state;8;0;False;11377239;43;0.07032;
16/03/2020;SC;;state;7;0;False;7164788;42;0.0977;
16/03/2020;SE;;state;5;0;False;2298696;28;0.21751;
16/03/2020;SP;;state;152;0;False;45919049;35;0.33102;
17/03/2020;AC;;state;3;0;False;881935;12;0.34016;
17/03/2020;AL;;state;1;0;False;3337357;27;0.02996;
17/03/2020;BA;;state;14;0;False;14873064;29;0.09413;
17/03/2020;CE;;state;10;0;False;9132078;23;0.1095;
17/03/2020;ES;;state;8;0;False;4018650;32;0.19907;
17/03/2020;GO;;state;10;0;False;7018354;52;0.14248;
17/03/2020;MG;;state;14;0;False;21168791;31;0.06614;
17/03/2020;MS;;state;6;0;False;2778986;50;0.21591;
17/03/2020;PB;;state;0;0;False;4018127;25;;
17/03/2020;PE;;state;18;0;False;9557071;26;0.18834;
17/03/2020;PR;;state;12;0;False;11433957;41;0.10495;
17/03/2020;SC;;state;7;0;False;7164788;42;0.0977;
17/03/2020;SP;;state;164;1;False;45919049;35;0.35715;0.0061
18/03/2020;AC;;state;3;0;False;881935;12;0.34016;
18/03/2020;AL;;state;1;0;False;3337357;27;0.02996;
18/03/2020;AM;;state;2;0;False;4144597;13;0.04826;
18/03/2020;BA;;state;27;0;False;14873064;29;0.18154;
18/03/2020;CE;;state;19;0;False;9132078;23;0.20806;
18/03/2020;DF;;state;34;0;False;3015268;53;112.759;
18/03/2020;ES;;state;11;0;False;4018650;32;0.27372;
18/03/2020;GO;;state;12;0;False;7018354;52;0.17098;
18/03/2020;MG;;state;19;0;False;21168791;31;0.08975;
18/03/2020;MS;;state;7;0;False;2778986;50;0.25189;
18/03/2020;PA;;state;1;0;False;8602865;15;0.01162;
18/03/2020;PB;;state;1;0;False;4018127;25;0.02489;
18/03/2020;PE;;state;19;0;False;9557071;26;0.19881;
18/03/2020;PR;;state;14;0;False;11433957;41;0.12244;
18/03/2020;RJ;;state;63;0;False;17264943;33;0.3649;
18/03/2020;RN;;state;1;0;False;3506853;24;0.02852;
18/03/2020;RS;;state;19;0;False;11377239;43;0.167;
18/03/2020;SC;;state;14;0;False;7164788;42;0.1954;
18/03/2020;SE;;state;6;0;False;2298696;28;0.26102;
18/03/2020;SP;;state;240;3;False;45919049;35;0.52266;0.0125
18/03/2020;TO;;state;1;0;False;1572866;17;0.06358;
19/03/2020;AC;;state;4;0;False;881935;12;0.45355;
19/03/2020;AL;;state;4;0;False;3337357;27;0.11986;
19/03/2020;AM;;state;3;0;False;4144597;13;0.07238;
19/03/2020;BA;;state;31;0;False;14873064;29;0.20843;
19/03/2020;CE;;state;24;0;False;9132078;23;0.26281;
19/03/2020;DF;;state;42;0;False;3015268;53;139.291;
19/03/2020;ES;;state;13;0;False;4018650;32;0.32349;
19/03/2020;GO;;state;15;0;False;7018354;52;0.21373;
19/03/2020;MG;;state;29;0;False;21168791;31;0.13699;
19/03/2020;MS;;state;9;0;False;2778986;50;0.32386;
19/03/2020;PA;;state;1;0;False;8602865;15;0.01162;
19/03/2020;PB;;state;1;0;False;4018127;25;0.02489;
19/03/2020;PE;;state;28;0;False;9557071;26;0.29298;
19/03/2020;PI;;state;3;0;False;3273227;22;0.09165;
19/03/2020;PR;;state;23;0;False;11433957;41;0.20116;
19/03/2020;RJ;;state;66;2;False;17264943;33;0.38228;0.0303
19/03/2020;RS;;state;31;0;False;11377239;43;0.27247;
19/03/2020;SC;;state;21;0;False;7164788;42;0.2931;
19/03/2020;SP;;state;286;5;False;45919049;35;0.62284;0.0175
19/03/2020;TO;;state;1;0;False;1572866;17;0.06358;
20/03/2020;AC;;state;7;0;False;881935;12;0.79371;
20/03/2020;AL;;state;6;0;False;3337357;27;0.17978;
20/03/2020;AM;;state;7;0;False;4144597;13;0.16889;
20/03/2020;AP;;state;1;0;False;845731;16;0.11824;
20/03/2020;BA;;state;34;0;False;14873064;29;0.2286;
20/03/2020;CE;;state;68;0;False;9132078;23;0.74463;
20/03/2020;DF;;state;87;0;False;3015268;53;288.532;
20/03/2020;ES;;state;16;0;False;4018650;32;0.39814;
20/03/2020;GO;;state;18;0;False;7018354;52;0.25647;
20/03/2020;MA;;state;1;0;False;7075181;21;0.01413;
20/03/2020;MG;;state;38;0;False;21168791;31;0.17951;
20/03/2020;MS;;state;12;0;False;2778986;50;0.43181;
20/03/2020;MT;;state;1;0;False;3484466;51;0.0287;
20/03/2020;PA;;state;2;0;False;8602865;15;0.02325;
20/03/2020;PB;;state;1;0;False;4018127;25;0.02489;
20/03/2020;PE;;state;31;0;False;9557071;26;0.32437;
20/03/2020;PI;;state;4;0;False;3273227;22;0.1222;
20/03/2020;PR;;state;36;0;False;11433957;41;0.31485;
20/03/2020;RN;;state;6;0;False;3506853;24;0.17109;
20/03/2020;RO;;state;1;0;False;1777225;11;0.05627;
20/03/2020;RS;;state;43;0;False;11377239;43;0.37795;
20/03/2020;SC;;state;40;0;False;7164788;42;0.55829;
20/03/2020;SE;;state;7;0;False;2298696;28;0.30452;
20/03/2020;SP;;state;396;9;False;45919049;35;0.86239;0.0227
20/03/2020;TO;;state;1;0;False;1572866;17;0.06358;
21/03/2020;AC;;state;11;0;False;881935;12;124.726;
21/03/2020;AL;;state;7;0;False;3337357;27;0.20975;
21/03/2020;AM;;state;11;0;False;4144597;13;0.26541;
21/03/2020;AP;;state;1;0;False;845731;16;0.11824;
21/03/2020;BA;;state;41;0;False;14873064;29;0.27567;
21/03/2020;CE;;state;84;0;False;9132078;23;0.91983;
21/03/2020;DF;;state;108;0;False;3015268;53;358.177;
21/03/2020;ES;;state;26;0;False;4018650;32;0.64698;
21/03/2020;GO;;state;19;0;False;7018354;52;0.27072;
21/03/2020;MA;;state;2;0;False;7075181;21;0.02827;
21/03/2020;MG;;state;55;0;False;21168791;31;0.25982;
21/03/2020;MS;;state;16;0;False;2778986;50;0.57575;
21/03/2020;PA;;state;2;0;False;8602865;15;0.02325;
21/03/2020;PB;;state;1;0;False;4018127;25;0.02489;
21/03/2020;PE;;state;33;0;False;9557071;26;0.34529;
21/03/2020;PI;;state;4;0;False;3273227;22;0.1222;
21/03/2020;PR;;state;43;0;False;11433957;41;0.37607;
21/03/2020;RJ;;state;119;3;False;17264943;33;0.68926;0.0252
21/03/2020;RN;;state;9;0;False;3506853;24;0.25664;
21/03/2020;RO;;state;3;0;False;1777225;11;0.1688;
21/03/2020;RR;;state;2;0;False;605761;14;0.33016;
21/03/2020;RS;;state;69;0;False;11377239;43;0.60647;
21/03/2020;SC;;state;57;0;False;7164788;42;0.79556;
21/03/2020;SE;;state;10;0;False;2298696;28;0.43503;
21/03/2020;SP;;state;396;15;False;45919049;35;0.86239;0.0379
21/03/2020;TO;;state;2;0;False;1572866;17;0.12716;
22/03/2020;AC;;state;11;0;False;881935;12;124.726;
22/03/2020;AL;;state;7;0;False;3337357;27;0.20975;
22/03/2020;AM;;state;26;0;False;4144597;13;0.62732;
22/03/2020;AP;;state;1;0;False;845731;16;0.11824;
22/03/2020;BA;;state;55;0;False;14873064;29;0.3698;
22/03/2020;CE;;state;125;0;False;9132078;23;13.688;
22/03/2020;DF;;state;117;0;False;3015268;53;388.025;
22/03/2020;ES;;state;26;0;False;4018650;32;0.64698;
22/03/2020;GO;;state;21;0;False;7018354;52;0.29922;
22/03/2020;MA;;state;2;0;False;7075181;21;0.02827;
22/03/2020;MG;;state;83;0;False;21168791;31;0.39209;
22/03/2020;MS;;state;21;0;False;2778986;50;0.75567;
22/03/2020;MT;;state;2;0;False;3484466;51;0.0574;
22/03/2020;PA;;state;4;0;False;8602865;15;0.0465;
22/03/2020;PB;;state;1;0;False;4018127;25;0.02489;
22/03/2020;PE;;state;37;0;False;9557071;26;0.38715;
22/03/2020;PI;;state;6;0;False;3273227;22;0.18331;
22/03/2020;PR;;state;54;0;False;11433957;41;0.47228;
22/03/2020;RJ;;state;186;3;False;17264943;33;107.733;0.0161
22/03/2020;RN;;state;13;0;False;3506853;24;0.3707;
22/03/2020;RO;;state;3;0;False;1777225;11;0.1688;
22/03/2020;RR;;state;2;0;False;605761;14;0.33016;
22/03/2020;RS;;state;77;0;False;11377239;43;0.67679;
22/03/2020;SC;;state;68;0;False;7164788;42;0.94909;
22/03/2020;SP;;state;631;22;False;45919049;35;137.416;0.0349
22/03/2020;TO;;state;5;0;False;1572866;17;0.31789;
23/03/2020;AC;;state;17;0;False;881935;12;192.758;
23/03/2020;AL;;state;8;0;False;3337357;27;0.23971;
23/03/2020;AM;;state;32;0;False;4144597;13;0.77209;
23/03/2020;AP;;state;1;0;False;845731;16;0.11824;
23/03/2020;BA;;state;63;0;False;14873064;29;0.42358;
23/03/2020;CE;;state;164;0;False;9132078;23;179.587;
23/03/2020;DF;;state;138;0;False;3015268;53;457.671;
23/03/2020;ES;;state;33;0;False;4018650;32;0.82117;
23/03/2020;GO;;state;23;0;False;7018354;52;0.32771;
23/03/2020;MA;;state;8;0;False;7075181;21;0.11307;
23/03/2020;MG;;state;128;0;False;21168791;31;0.60466;
23/03/2020;MS;;state;21;0;False;2778986;50;0.75567;
23/03/2020;MT;;state;6;0;False;3484466;51;0.17219;
23/03/2020;PA;;state;5;0;False;8602865;15;0.05812;
23/03/2020;PB;;state;2;0;False;4018127;25;0.04977;
23/03/2020;PE;;state;42;0;False;9557071;26;0.43947;
23/03/2020;PI;;state;6;0;False;3273227;22;0.18331;
23/03/2020;PR;;state;60;0;False;11433957;41;0.52475;
23/03/2020;RJ;;state;233;4;False;17264943;33;134.956;0.0172
23/03/2020;RR;;state;2;0;False;605761;14;0.33016;
23/03/2020;RS;;state;96;0;False;11377239;43;0.84379;
23/03/2020;SC;;state;86;0;False;7164788;42;120.031;
23/03/2020;SP;;state;745;30;False;45919049;35;162.242;0.0403
23/03/2020;TO;;state;7;0;False;1572866;17;0.44505;
24/03/2020;AC;;state;21;0;False;881935;12;238.113;
24/03/2020;AL;;state;10;0;False;3337357;27;0.29964;
24/03/2020;AM;;state;47;1;False;4144597;13;113.401;0.0213
24/03/2020;AP;;state;1;0;False;845731;16;0.11824;
24/03/2020;BA;;state;79;0;False;14873064;29;0.53116;
24/03/2020;CE;;state;185;0;False;9132078;23;202.583;
24/03/2020;DF;;state;161;0;False;3015268;53;533.949;
24/03/2020;ES;;state;40;0;False;4018650;32;0.99536;
24/03/2020;GO;;state;29;0;False;7018354;52;0.4132;
24/03/2020;MA;;state;8;0;False;7075181;21;0.11307;
24/03/2020;MG;;state;130;0;False;21168791;31;0.61411;
24/03/2020;MS;;state;24;0;False;2778986;50;0.86362;
24/03/2020;MT;;state;7;0;False;3484466;51;0.20089;
24/03/2020;PA;;state;5;0;False;8602865;15;0.05812;
24/03/2020;PB;;state;3;0;False;4018127;25;0.07466;
24/03/2020;PE;;state;42;0;False;9557071;26;0.43947;
24/03/2020;PI;;state;8;0;False;3273227;22;0.24441;
24/03/2020;PR;;state;70;0;False;11433957;41;0.61221;
24/03/2020;RJ;;state;305;6;False;17264943;33;176.659;0.0197
24/03/2020;RN;;state;14;0;False;3506853;24;0.39922;
24/03/2020;RO;;state;5;0;False;1777225;11;0.28134;
24/03/2020;RR;;state;8;0;False;605761;14;132.065;
24/03/2020;RS;;state;112;0;False;11377239;43;0.98442;
24/03/2020;SC;;state;109;0;False;7164788;42;152.133;
24/03/2020;SE;;state;15;0;False;2298696;28;0.65254;
24/03/2020;SP;;state;810;40;False;45919049;35;176.397;0.0494
24/03/2020;TO;;state;7;0;False;1572866;17;0.44505;
25/03/2020;AC;;state;23;0;False;881935;12;26.079;
25/03/2020;AL;;state;11;0;False;3337357;27;0.3296;
25/03/2020;AM;;state;54;1;False;4144597;13;13.029;0.0185
25/03/2020;AP;;state;2;0;False;845731;16;0.23648;
25/03/2020;BA;;state;91;0;False;14873064;29;0.61184;
25/03/2020;CE;;state;211;0;False;9132078;23;231.054;
25/03/2020;DF;;state;195;0;False;3015268;53;646.709;
25/03/2020;ES;;state;40;0;False;4018650;32;0.99536;
25/03/2020;GO;;state;35;0;False;7018354;52;0.49869;
25/03/2020;MA;;state;8;0;False;7075181;21;0.11307;
25/03/2020;MG;;state;133;0;False;21168791;31;0.62828;
25/03/2020;MS;;state;24;0;False;2778986;50;0.86362;
25/03/2020;MT;;state;9;0;False;3484466;51;0.25829;
25/03/2020;PA;;state;7;0;False;8602865;15;0.08137;
25/03/2020;PB;;state;5;0;False;4018127;25;0.12444;
25/03/2020;PE;;state;46;1;False;9557071;26;0.48132;0.0217
25/03/2020;PI;;state;8;0;False;3273227;22;0.24441;
25/03/2020;PR;;state;97;0;False;11433957;41;0.84835;
25/03/2020;RJ;;state;370;8;False;17264943;33;214.307;0.0216
25/03/2020;RN;;state;14;0;False;3506853;24;0.39922;
25/03/2020;RO;;state;5;0;False;1777225;11;0.28134;
25/03/2020;RR;;state;8;0;False;605761;14;132.065;
25/03/2020;RS;;state;162;1;False;11377239;43;14.239;0.0062
25/03/2020;SC;;state;122;0;False;7164788;42;170.277;
25/03/2020;SE;;state;16;0;False;2298696;28;0.69605;
25/03/2020;SP;;state;862;48;False;45919049;35;187.722;0.0557
25/03/2020;TO;;state;7;0;False;1572866;17;0.44505;
26/03/2020;AC;;state;23;0;False;881935;12;26.079;
26/03/2020;AL;;state;11;0;False;3337357;27;0.3296;
26/03/2020;AM;;state;67;1;False;4144597;13;161.656;0.0149
26/03/2020;AP;;state;2;0;False;845731;16;0.23648;
26/03/2020;BA;;state;108;0;False;14873064;29;0.72614;
26/03/2020;CE;;state;237;3;False;9132078;23;259.525;0.0127
26/03/2020;DF;;state;201;0;False;3015268;53;666.607;
26/03/2020;ES;;state;48;0;False;4018650;32;119.443;
26/03/2020;GO;;state;38;1;False;7018354;52;0.54144;0.0263
26/03/2020;MA;;state;10;0;False;7075181;21;0.14134;
26/03/2020;MG;;state;153;0;False;21168791;31;0.72276;
26/03/2020;MS;;state;25;0;False;2778986;50;0.89961;
26/03/2020;MT;;state;11;0;False;3484466;51;0.31569;
26/03/2020;PA;;state;13;0;False;8602865;15;0.15111;
26/03/2020;PB;;state;6;0;False;4018127;25;0.14932;
26/03/2020;PE;;state;48;3;False;9557071;26;0.50225;0.0625
26/03/2020;PI;;state;9;0;False;3273227;22;0.27496;
26/03/2020;PR;;state;106;0;False;11433957;41;0.92706;
26/03/2020;RJ;;state;421;9;False;17264943;33;243.847;0.0214
26/03/2020;RN;;state;19;0;False;3506853;24;0.5418;
26/03/2020;RO;;state;6;0;False;1777225;11;0.3376;
26/03/2020;RR;;state;10;0;False;605761;14;165.082;
26/03/2020;RS;;state;190;1;False;11377239;43;1.67;0.0053
26/03/2020;SC;;state;149;1;False;7164788;42;207.961;0.0067
26/03/2020;SP;;state;1052;58;False;45919049;35;229.099;0.0551
26/03/2020;TO;;state;8;0;False;1572866;17;0.50863;
27/03/2020;AC;;state;25;0;False;881935;12;283.468;
27/03/2020;AL;;state;12;0;False;3337357;27;0.35957;
27/03/2020;AM;;state;81;1;False;4144597;13;195.435;0.0123
27/03/2020;AP;;state;3;0;False;845731;16;0.35472;
27/03/2020;BA;;state;123;0;False;14873064;29;0.827;
27/03/2020;CE;;state;282;3;False;9132078;23;308.802;0.0106
27/03/2020;DF;;state;241;0;False;3015268;53;799.266;
27/03/2020;ES;;state;54;0;False;4018650;32;134.373;
27/03/2020;GO;;state;49;1;False;7018354;52;0.69817;0.0204
27/03/2020;MA;;state;13;0;False;7075181;21;0.18374;
27/03/2020;MG;;state;189;0;False;21168791;31;0.89282;
27/03/2020;MS;;state;28;0;False;2778986;50;100.756;
27/03/2020;MT;;state;11;0;False;3484466;51;0.31569;
27/03/2020;PA;;state;16;0;False;8602865;15;0.18598;
27/03/2020;PB;;state;10;0;False;4018127;25;0.24887;
27/03/2020;PE;;state;57;4;False;9557071;26;0.59642;0.0702
27/03/2020;PI;;state;10;1;False;3273227;22;0.30551;0.1
27/03/2020;PR;;state;125;2;False;11433957;41;109.323;0.016
27/03/2020;RJ;;state;493;10;False;17264943;33;28.555;0.0203
27/03/2020;RN;;state;28;0;False;3506853;24;0.79844;
27/03/2020;RO;;state;6;0;False;1777225;11;0.3376;
27/03/2020;RR;;state;12;0;False;605761;14;198.098;
27/03/2020;RS;;state;197;2;False;11377239;43;173.153;0.0102
27/03/2020;SC;;state;163;1;False;7164788;42;227.501;0.0061
27/03/2020;SE;;state;16;0;False;2298696;28;0.69605;
27/03/2020;SP;;state;1223;68;False;45919049;35;266.338;0.0556
27/03/2020;TO;;state;9;0;False;1572866;17;0.5722;
28/03/2020;AC;;state;25;0;False;881935;12;283.468;
28/03/2020;AL;;state;14;0;False;3337357;27;0.41949;
28/03/2020;AM;;state;111;1;False;4144597;13;267.819;0.009
28/03/2020;AP;;state;4;0;False;845731;16;0.47296;
28/03/2020;BA;;state;127;0;False;14873064;29;0.85389;
28/03/2020;CE;;state;322;4;False;9132078;23;352.603;0.0124
28/03/2020;DF;;state;260;0;False;3015268;53;862.278;
28/03/2020;ES;;state;61;0;False;4018650;32;151.792;
28/03/2020;GO;;state;56;1;False;7018354;52;0.79791;0.0179
28/03/2020;MA;;state;15;0;False;7075181;21;0.21201;
28/03/2020;MG;;state;205;0;False;21168791;31;0.96841;
28/03/2020;MS;;state;31;0;False;2778986;50;111.551;
28/03/2020;PA;;state;18;0;False;8602865;15;0.20923;
28/03/2020;PB;;state;14;0;False;4018127;25;0.34842;
28/03/2020;PE;;state;68;5;False;9557071;26;0.71152;0.0735
28/03/2020;PI;;state;11;1;False;3273227;22;0.33606;0.0909
28/03/2020;PR;;state;137;2;False;11433957;41;119.819;0.0146
28/03/2020;RJ;;state;558;13;False;17264943;33;323.198;0.0233
28/03/2020;RN;;state;68;1;False;3506853;24;193.906;0.0147
28/03/2020;RO;;state;6;0;False;1777225;11;0.3376;
28/03/2020;RR;;state;16;0;False;605761;14;264.131;
28/03/2020;RS;;state;200;2;False;11377239;43;17.579;0.01
28/03/2020;SC;;state;184;1;False;7164788;42;256.812;0.0054
28/03/2020;SP;;state;1406;84;False;45919049;35;306.191;0.0597
28/03/2020;TO;;state;9;0;False;1572866;17;0.5722;
29/03/2020;AC;;state;34;0;False;881935;12;385.516;
29/03/2020;AL;;state;17;0;False;3337357;27;0.50939;
29/03/2020;AM;;state;140;1;False;4144597;13;337.789;0.0071
29/03/2020;AP;;state;8;0;False;845731;16;0.94593;
29/03/2020;BA;;state;156;1;False;14873064;29;104.888;0.0064
29/03/2020;CE;;state;359;5;False;9132078;23;39.312;0.0139
29/03/2020;DF;;state;298;1;False;3015268;53;988.304;0.0034
29/03/2020;ES;;state;72;0;False;4018650;32;179.165;
29/03/2020;GO;;state;56;1;False;7018354;52;0.79791;0.0179
29/03/2020;MA;;state;21;1;False;7075181;21;0.29681;0.0476
29/03/2020;MG;;state;231;0;False;21168791;31;109.123;
29/03/2020;MS;;state;36;0;False;2778986;50;129.544;
29/03/2020;PA;;state;20;0;False;8602865;15;0.23248;
29/03/2020;PB;;state;14;0;False;4018127;25;0.34842;
29/03/2020;PE;;state;73;5;False;9557071;26;0.76383;0.0685
29/03/2020;PR;;state;152;2;False;11433957;41;132.937;0.0132
29/03/2020;RJ;;state;600;17;False;17264943;33;347.525;0.0283
29/03/2020;RO;;state;6;0;False;1777225;11;0.3376;
29/03/2020;RR;;state;16;0;False;605761;14;264.131;
29/03/2020;RS;;state;230;2;False;11377239;43;202.158;0.0087
29/03/2020;SC;;state;197;1;False;7164788;42;274.956;0.0051
29/03/2020;SP;;state;1451;98;False;45919049;35;315.991;0.0675
29/03/2020;TO;;state;10;0;False;1572866;17;0.63578;
30/03/2020;AC;;state;41;0;False;881935;12;464.887;
30/03/2020;AL;;state;17;0;False;3337357;27;0.50939;
30/03/2020;AM;;state;151;2;False;4144597;13;36.433;0.0132
30/03/2020;AP;;state;8;0;False;845731;16;0.94593;
30/03/2020;BA;;state;176;2;False;14873064;29;118.335;0.0114
30/03/2020;CE;;state;382;5;False;9132078;23;418.306;0.0131
30/03/2020;DF;;state;312;2;False;3015268;53;1.034.734;0.0064
30/03/2020;ES;;state;85;0;False;4018650;32;211.514;
30/03/2020;GO;;state;60;1;False;7018354;52;0.8549;0.0167
30/03/2020;MA;;state;30;1;False;7075181;21;0.42402;0.0333
30/03/2020;MG;;state;261;1;False;21168791;31;123.295;0.0038
30/03/2020;MS;;state;44;0;False;2778986;50;158.331;
30/03/2020;MT;;state;18;0;False;3484466;51;0.51658;
30/03/2020;PA;;state;26;0;False;8602865;15;0.30222;
30/03/2020;PB;;state;17;0;False;4018127;25;0.42308;
30/03/2020;PE;;state;77;6;False;9557071;26;0.80569;0.0779
30/03/2020;PI;;state;18;4;False;3273227;22;0.54992;0.2222
30/03/2020;PR;;state;160;3;False;11433957;41;139.934;0.0187
30/03/2020;RJ;;state;657;18;False;17264943;33;38.054;0.0274
30/03/2020;RN;;state;77;1;False;3506853;24;21.957;0.013
30/03/2020;RO;;state;8;1;False;1777225;11;0.45014;0.125
30/03/2020;RR;;state;16;0;False;605761;14;264.131;
30/03/2020;RS;;state;254;4;False;11377239;43;223.253;0.0157
30/03/2020;SC;;state;219;2;False;7164788;42;305.662;0.0091
30/03/2020;SE;;state;18;0;False;2298696;28;0.78305;
30/03/2020;SP;;state;1517;113;False;45919049;35;330.364;0.0745
30/03/2020;TO;;state;11;0;False;1572866;17;0.69936;
31/03/2020;AC;;state;42;0;False;881935;12;476.226;
31/03/2020;AL;;state;18;1;False;3337357;27;0.53935;0.0556
31/03/2020;AM;;state;175;3;False;4144597;13;422.236;0.0171
31/03/2020;AP;;state;10;0;False;845731;16;118.241;
31/03/2020;BA;;state;217;2;False;14873064;29;145.901;0.0092
31/03/2020;CE;;state;401;7;False;9132078;23;439.111;0.0175
31/03/2020;DF;;state;333;3;False;3015268;53;1.104.379;0.009
31/03/2020;ES;;state;97;0;False;4018650;32;241.375;
31/03/2020;GO;;state;65;1;False;7018354;52;0.92614;0.0154
31/03/2020;MA;;state;51;1;False;7075181;21;0.72083;0.0196
31/03/2020;MG;;state;275;2;False;21168791;31;129.908;0.0073
31/03/2020;MS;;state;48;1;False;2778986;50;172.725;0.0208
31/03/2020;MT;;state;25;0;False;3484466;51;0.71747;
31/03/2020;PA;;state;34;0;False;8602865;15;0.39522;
31/03/2020;PB;;state;18;1;False;4018127;25;0.44797;0.0556
31/03/2020;PE;;state;87;6;False;9557071;26;0.91032;0.069
31/03/2020;PI;;state;18;4;False;3273227;22;0.54992;0.2222
31/03/2020;PR;;state;185;3;False;11433957;41;161.799;0.0162
31/03/2020;RJ;;state;708;23;False;17264943;33;41.008;0.0325
31/03/2020;RN;;state;82;1;False;3506853;24;233.828;0.0122
31/03/2020;RO;;state;9;1;False;1777225;11;0.50641;0.1111
31/03/2020;RR;;state;16;0;False;605761;14;264.131;
31/03/2020;RS;;state;305;4;False;11377239;43;268.079;0.0131
31/03/2020;SC;;state;235;2;False;7164788;42;327.993;0.0085
31/03/2020;SE;;state;19;0;False;2298696;28;0.82656;
31/03/2020;SP;;state;2339;136;False;45919049;35;509.375;0.0581
31/03/2020;TO;;state;12;0;False;1572866;17;0.76294;
01/04/2020;AC;;state;43;0;False;881935;12;487.564;
01/04/2020;AL;;state;18;1;False;3337357;27;0.53935;0.0556
01/04/2020;AM;;state;200;3;False;4144597;13;482.556;0.015
01/04/2020;AP;;state;11;0;False;845731;16;130.065;
01/04/2020;BA;;state;246;2;False;14873064;29;1.654;0.0081
01/04/2020;CE;;state;445;9;False;9132078;23;487.293;0.0202
01/04/2020;DF;;state;370;4;False;3015268;53;1.227.088;0.0108
01/04/2020;ES;;state;120;0;False;4018650;32;298.608;
01/04/2020;GO;;state;73;1;False;7018354;52;104.013;0.0137
01/04/2020;MA;;state;70;1;False;7075181;21;0.98937;0.0143
01/04/2020;MG;;state;314;3;False;21168791;31;148.332;0.0096
01/04/2020;MS;;state;51;1;False;2778986;50;18.352;0.0196
01/04/2020;MT;;state;28;0;False;3484466;51;0.80357;
01/04/2020;PA;;state;41;1;False;8602865;15;0.47659;0.0244
01/04/2020;PB;;state;21;1;False;4018127;25;0.52263;0.0476
01/04/2020;PE;;state;95;8;False;9557071;26;0.99403;0.0842
01/04/2020;PI;;state;19;4;False;3273227;22;0.58047;0.2105
01/04/2020;PR;;state;229;3;False;11433957;41;200.281;0.0131
01/04/2020;RJ;;state;832;28;False;17264943;33;481.901;0.0337
01/04/2020;RN;;state;92;2;False;3506853;24;262.343;0.0217
01/04/2020;RO;;state;9;1;False;1777225;11;0.50641;0.1111
01/04/2020;RR;;state;26;0;False;605761;14;429.212;
01/04/2020;RS;;state;316;5;False;11377239;43;277.748;0.0158
01/04/2020;SC;;state;247;2;False;7164788;42;344.742;0.0081
01/04/2020;SE;;state;22;0;False;2298696;28;0.95706;
01/04/2020;SP;;state;2981;164;False;45919049;35;649.186;0.055
01/04/2020;TO;;state;12;0;False;1572866;17;0.76294;
02/04/2020;AC;;state;45;0;False;881935;12;510.242;
02/04/2020;AL;;state;18;1;False;3337357;27;0.53935;0.0556
02/04/2020;AM;;state;229;3;False;4144597;13;552.527;0.0131
02/04/2020;AP;;state;12;0;False;845731;16;141.889;
02/04/2020;BA;;state;267;3;False;14873064;29;179.519;0.0112
02/04/2020;CE;;state;563;21;False;9132078;23;616.508;0.0373
02/04/2020;DF;;state;400;5;False;3015268;53;1.326.582;0.0125
02/04/2020;ES;;state;139;2;False;4018650;32;345.887;0.0144
02/04/2020;GO;;state;73;1;False;7018354;52;104.013;0.0137
02/04/2020;MA;;state;80;1;False;7075181;21;113.071;0.0125
02/04/2020;MG;;state;370;4;False;21168791;31;174.786;0.0108
02/04/2020;MS;;state;53;1;False;2778986;50;190.717;0.0189
02/04/2020;MT;;state;41;0;False;3484466;51;117.665;
02/04/2020;PA;;state;49;1;False;8602865;15;0.56958;0.0204
02/04/2020;PB;;state;29;1;False;4018127;25;0.72173;0.0345
02/04/2020;PE;;state;106;9;False;9557071;26;110.913;0.0849
02/04/2020;PI;;state;19;4;False;3273227;22;0.58047;0.2105
02/04/2020;PR;;state;258;4;False;11433957;41;225.644;0.0155
02/04/2020;RJ;;state;992;41;False;17264943;33;574.575;0.0413
02/04/2020;RN;;state;106;2;False;3506853;24;302.265;0.0189
02/04/2020;RO;;state;10;1;False;1777225;11;0.56267;0.1
02/04/2020;RR;;state;30;0;False;605761;14;495.245;
02/04/2020;RS;;state;386;5;False;11377239;43;339.274;0.013
02/04/2020;SC;;state;281;5;False;7164788;42;392.196;0.0178
02/04/2020;SE;;state;24;2;False;2298696;28;104.407;0.0833
02/04/2020;SP;;state;3506;188;False;45919049;35;763.518;0.0536
02/04/2020;TO;;state;12;0;False;1572866;17;0.76294;
03/04/2020;AC;;state;46;0;False;881935;12;52.158;
03/04/2020;AL;;state;23;2;False;3337357;27;0.68917;0.087
03/04/2020;AM;;state;260;7;False;4144597;13;627.323;0.0269
03/04/2020;AP;;state;19;0;False;845731;16;224.658;
03/04/2020;BA;;state;290;6;False;14873064;29;194.983;0.0207
03/04/2020;CE;;state;658;22;False;9132078;23;720.537;0.0334
03/04/2020;DF;;state;419;6;False;3015268;53;1.389.595;0.0143
03/04/2020;ES;;state;153;5;False;4018650;32;380.725;0.0327
03/04/2020;GO;;state;88;2;False;7018354;52;125.386;0.0227
03/04/2020;MA;;state;87;1;False;7075181;21;122.965;0.0115
03/04/2020;MG;;state;397;6;False;21168791;31;18.754;0.0151
03/04/2020;MS;;state;60;1;False;2778986;50;215.906;0.0167
03/04/2020;MT;;state;44;1;False;3484466;51;126.275;0.0227
03/04/2020;PA;;state;75;1;False;8602865;15;0.8718;0.0133
03/04/2020;PB;;state;32;1;False;4018127;25;0.79639;0.0312
03/04/2020;PE;;state;136;10;False;9557071;26;142.303;0.0735
03/04/2020;PI;;state;22;4;False;3273227;22;0.67212;0.1818
03/04/2020;PR;;state;307;5;False;11433957;41;268.498;0.0163
03/04/2020;RJ;;state;1074;47;False;17264943;33;62.207;0.0438
03/04/2020;RN;;state;176;4;False;3506853;24;501.874;0.0227
03/04/2020;RO;;state;10;1;False;1777225;11;0.56267;0.1
03/04/2020;RR;;state;37;1;False;605761;14;610.802;0.027
03/04/2020;RS;;state;410;6;False;11377239;43;360.369;0.0146
03/04/2020;SC;;state;301;5;False;7164788;42;42.011;0.0166
03/04/2020;SE;;state;27;2;False;2298696;28;117.458;0.0741
03/04/2020;SP;;state;4048;219;False;45919049;35;881.551;0.0541
03/04/2020;TO;;state;13;0;False;1572866;17;0.82652;
04/04/2020;AC;;state;46;0;False;881935;12;52.158;
04/04/2020;AL;;state;23;2;False;3337357;27;0.68917;0.087
04/04/2020;AM;;state;311;12;False;4144597;13;750.375;0.0386
04/04/2020;AP;;state;29;1;False;845731;16;342.899;0.0345
04/04/2020;BA;;state;336;7;False;14873064;29;225.912;0.0208
04/04/2020;CE;;state;745;23;False;9132078;23;815.806;0.0309
04/04/2020;DF;;state;456;7;False;3015268;53;1.512.303;0.0154
04/04/2020;ES;;state;166;6;False;4018650;32;413.074;0.0361
04/04/2020;GO;;state;103;2;False;7018354;52;146.758;0.0194
04/04/2020;MA;;state;95;2;False;7075181;21;134.272;0.0211
04/04/2020;MG;;state;430;6;False;21168791;31;203.129;0.014
04/04/2020;MS;;state;62;1;False;2778986;50;223.103;0.0161
04/04/2020;MT;;state;60;1;False;3484466;51;172.193;0.0167
04/04/2020;PA;;state;82;1;False;8602865;15;0.95317;0.0122
04/04/2020;PB;;state;34;3;False;4018127;25;0.84617;0.0882
04/04/2020;PE;;state;176;14;False;9557071;26;184.157;0.0795
04/04/2020;PI;;state;24;4;False;3273227;22;0.73322;0.1667
04/04/2020;PR;;state;401;7;False;11433957;41;35.071;0.0175
04/04/2020;RJ;;state;1246;58;False;17264943;33;721.694;0.0465
04/04/2020;RN;;state;215;6;False;3506853;24;613.085;0.0279
04/04/2020;RO;;state;11;1;False;1777225;11;0.61894;0.0909
04/04/2020;RR;;state;42;1;False;605761;14;693.343;0.0238
04/04/2020;RS;;state;418;7;False;11377239;43;3.674;0.0167
04/04/2020;SC;;state;356;10;False;7164788;42;496.874;0.0281
04/04/2020;SE;;state;32;3;False;2298696;28;139.209;0.0938
04/04/2020;SP;;state;4466;260;False;45919049;35;972.581;0.0582
04/04/2020;TO;;state;16;0;False;1572866;17;101.725;
05/04/2020;AC;;state;48;0;False;881935;12;544.258;
05/04/2020;AL;;state;28;2;False;3337357;27;0.83899;0.0714
05/04/2020;AM;;state;417;15;False;4144597;13;1.006.129;0.036
05/04/2020;AP;;state;32;1;False;845731;16;378.371;0.0312
05/04/2020;BA;;state;401;9;False;14873064;29;269.615;0.0224
05/04/2020;CE;;state;960;35;False;9132078;23;1.051.239;0.0365
05/04/2020;DF;;state;468;7;False;3015268;53;1.552.101;0.015
05/04/2020;ES;;state;194;6;False;4018650;32;482.749;0.0309
05/04/2020;GO;;state;115;3;False;7018354;52;163.856;0.0261
05/04/2020;MA;;state;132;2;False;7075181;21;186.568;0.0152
05/04/2020;MG;;state;498;6;False;21168791;31;235.252;0.012
05/04/2020;MS;;state;65;1;False;2778986;50;233.898;0.0154
05/04/2020;MT;;state;60;1;False;3484466;51;172.193;0.0167
05/04/2020;PA;;state;86;1;False;8602865;15;0.99967;0.0116
05/04/2020;PB;;state;35;4;False;4018127;25;0.87105;0.1143
05/04/2020;PE;;state;201;21;False;9557071;26;210.315;0.1045
05/04/2020;PI;;state;24;4;False;3273227;22;0.73322;0.1667
05/04/2020;PR;;state;445;10;False;11433957;41;389.192;0.0225
05/04/2020;RJ;;state;1394;64;False;17264943;33;807.417;0.0459
05/04/2020;RN;;state;246;7;False;3506853;24;701.484;0.0285
05/04/2020;RO;;state;14;1;False;1777225;11;0.78774;0.0714
05/04/2020;RR;;state;42;1;False;605761;14;693.343;0.0238
05/04/2020;RS;;state;468;7;False;11377239;43;411.348;0.015
05/04/2020;SC;;state;379;10;False;7164788;42;528.976;0.0264
05/04/2020;SP;;state;4620;275;False;45919049;35;1.006.118;0.0595
05/04/2020;TO;;state;17;0;False;1572866;17;108.083;
06/04/2020;AC;;state;50;1;False;881935;12;566.935;0.02
06/04/2020;AL;;state;31;2;False;3337357;27;0.92888;0.0645
06/04/2020;AM;;state;532;19;False;4144597;13;1.283.599;0.0357
06/04/2020;AP;;state;39;2;False;845731;16;46.114;0.0513
06/04/2020;BA;;state;437;10;False;14873064;29;29.382;0.0229
06/04/2020;CE;;state;1045;35;False;9132078;23;1.144.318;0.0335
06/04/2020;DF;;state;485;10;False;3015268;53;1.608.481;0.0206
06/04/2020;ES;;state;209;6;False;4018650;32;520.075;0.0287
06/04/2020;GO;;state;119;5;False;7018354;52;169.555;0.042
06/04/2020;MA;;state;171;4;False;7075181;21;24.169;0.0234
06/04/2020;MG;;state;525;9;False;21168791;31;248.007;0.0171
06/04/2020;MS;;state;66;1;False;2778986;50;237.497;0.0152
06/04/2020;MT;;state;76;1;False;3484466;51;218.111;0.0132
06/04/2020;PA;;state;123;5;False;8602865;15;142.976;0.0407
06/04/2020;PB;;state;36;4;False;4018127;25;0.89594;0.1111
06/04/2020;PE;;state;223;30;False;9557071;26;233.335;0.1345
06/04/2020;PI;;state;26;4;False;3273227;22;0.79432;0.1538
06/04/2020;PR;;state;466;14;False;11433957;41;407.558;0.03
06/04/2020;RJ;;state;1461;71;False;17264943;33;846.223;0.0486
06/04/2020;RO;;state;18;1;False;1777225;11;101.281;0.0556
06/04/2020;RR;;state;42;1;False;605761;14;693.343;0.0238
06/04/2020;RS;;state;501;8;False;11377239;43;440.353;0.016
06/04/2020;SC;;state;417;11;False;7164788;42;582.013;0.0264
06/04/2020;SE;;state;32;4;False;2298696;28;139.209;0.125
06/04/2020;SP;;state;4866;304;False;45919049;35;1.059.691;0.0625
06/04/2020;TO;;state;19;0;False;1572866;17;120.799;
07/04/2020;AC;;state;50;2;False;881935;12;566.935;0.04
07/04/2020;AL;;state;34;2;False;3337357;27;101.877;0.0588
07/04/2020;AM;;state;636;23;False;4144597;13;1.534.528;0.0362
07/04/2020;AP;;state;51;2;False;845731;16;603.029;0.0392
07/04/2020;BA;;state;462;14;False;14873064;29;310.629;0.0303
07/04/2020;CE;;state;1188;40;False;9132078;23;1.300.909;0.0337
07/04/2020;DF;;state;503;12;False;3015268;53;1.668.177;0.0239
07/04/2020;ES;;state;227;6;False;4018650;32;564.866;0.0264
07/04/2020;GO;;state;133;5;False;7018354;52;189.503;0.0376
07/04/2020;MA;;state;229;11;False;7075181;21;323.667;0.048
07/04/2020;MG;;state;559;11;False;21168791;31;264.068;0.0197
07/04/2020;MS;;state;80;2;False;2778986;50;287.875;0.025
07/04/2020;MT;;state;78;1;False;3484466;51;223.851;0.0128
07/04/2020;PA;;state;154;5;False;8602865;15;17.901;0.0325
07/04/2020;PB;;state;41;4;False;4018127;25;102.038;0.0976
07/04/2020;PE;;state;352;34;False;9557071;26;368.314;0.0966
07/04/2020;PI;;state;31;5;False;3273227;22;0.94708;0.1613
07/04/2020;PR;;state;511;15;False;11433957;41;446.914;0.0294
07/04/2020;RJ;;state;1688;89;False;17264943;33;977.704;0.0527
07/04/2020;RN;;state;254;8;False;3506853;24;724.296;0.0315
07/04/2020;RO;;state;23;1;False;1777225;11;129.415;0.0435
07/04/2020;RR;;state;49;1;False;605761;14;8.089;0.0204
07/04/2020;RS;;state;555;8;False;11377239;43;487.816;0.0144
07/04/2020;SC;;state;457;15;False;7164788;42;637.842;0.0328
07/04/2020;SE;;state;36;4;False;2298696;28;156.611;0.1111
07/04/2020;SP;;state;5682;371;False;45919049;35;1.237.395;0.0653
07/04/2020;TO;;state;19;0;False;1572866;17;120.799;
08/04/2020;AC;;state;58;2;False;881935;12;657.645;0.0345
08/04/2020;AL;;state;37;3;False;3337357;27;110.866;0.0811
08/04/2020;AM;;state;804;30;False;4144597;13;1.939.875;0.0373
08/04/2020;AP;;state;107;2;False;845731;16;1.265.178;0.0187
08/04/2020;BA;;state;515;18;False;14873064;29;346.264;0.035
08/04/2020;CE;;state;1394;57;False;9132078;23;1.526.487;0.0409
08/04/2020;DF;;state;509;12;False;3015268;53;1.688.075;0.0236
08/04/2020;ES;;state;273;6;False;4018650;32;679.333;0.022
08/04/2020;GO;;state;159;7;False;7018354;52;226.549;0.044
08/04/2020;MA;;state;272;12;False;7075181;21;384.442;0.0441
08/04/2020;MG;;state;614;14;False;21168791;31;29.005;0.0228
08/04/2020;MS;;state;85;2;False;2778986;50;305.867;0.0235
08/04/2020;MT;;state;90;1;False;3484466;51;258.289;0.0111
08/04/2020;PA;;state;165;6;False;8602865;15;191.797;0.0364
08/04/2020;PB;;state;55;7;False;4018127;25;13.688;0.1273
08/04/2020;PE;;state;401;46;False;9557071;26;419.585;0.1147
08/04/2020;PI;;state;38;6;False;3273227;22;116.093;0.1579
08/04/2020;PR;;state;550;17;False;11433957;41;481.023;0.0309
08/04/2020;RJ;;state;1938;106;False;17264943;33;1.122.506;0.0547
08/04/2020;RN;;state;261;11;False;3506853;24;744.257;0.0421
08/04/2020;RO;;state;26;1;False;1777225;11;146.295;0.0385
08/04/2020;RR;;state;52;1;False;605761;14;858.424;0.0192
08/04/2020;RS;;state;581;10;False;11377239;43;510.669;0.0172
08/04/2020;SC;;state;501;17;False;7164788;42;699.253;0.0339
08/04/2020;SE;;state;39;4;False;2298696;28;169.661;0.1026
08/04/2020;SP;;state;6708;428;False;45919049;35;1.460.832;0.0638
08/04/2020;TO;;state;23;0;False;1572866;17;14.623;
09/04/2020;AC;;state;62;2;False;881935;12;7.03;0.0323
09/04/2020;AL;;state;37;3;False;3337357;27;110.866;0.0811
09/04/2020;AM;;state;899;40;False;4144597;13;2.169.089;0.0445
09/04/2020;AP;;state;110;2;False;845731;16;130.065;0.0182
09/04/2020;BA;;state;568;19;False;14873064;29;381.898;0.0335
09/04/2020;CE;;state;1445;57;False;9132078;23;1.582.334;0.0394
09/04/2020;DF;;state;527;13;False;3015268;53;1.747.772;0.0247
09/04/2020;ES;;state;300;7;False;4018650;32;746.519;0.0233
09/04/2020;GO;;state;179;7;False;7018354;52;255.046;0.0391
09/04/2020;MA;;state;293;16;False;7075181;21;414.124;0.0546
09/04/2020;MG;;state;655;15;False;21168791;31;309.418;0.0229
09/04/2020;MS;;state;89;2;False;2778986;50;320.261;0.0225
09/04/2020;MT;;state;108;2;False;3484466;51;309.947;0.0185
09/04/2020;PA;;state;169;7;False;8602865;15;196.446;0.0414
09/04/2020;PB;;state;79;11;False;4018127;25;196.609;0.1392
09/04/2020;PE;;state;555;56;False;9557071;26;580.722;0.1009
09/04/2020;PI;;state;40;7;False;3273227;22;122.204;0.175
09/04/2020;PR;;state;621;24;False;11433957;41;543.119;0.0386
09/04/2020;RJ;;state;2216;122;False;17264943;33;1.283.526;0.0551
09/04/2020;RO;;state;28;2;False;1777225;11;157.549;0.0714
09/04/2020;RR;;state;63;2;False;605761;14;1.040.014;0.0317
09/04/2020;RS;;state;636;14;False;11377239;43;559.011;0.022
09/04/2020;SC;;state;693;18;False;7164788;42;96.723;0.026
09/04/2020;SE;;state;40;4;False;2298696;28;174.012;0.1
09/04/2020;SP;;state;7480;496;False;45919049;35;1.628.954;0.0663
09/04/2020;TO;;state;23;0;False;1572866;17;14.623;
10/04/2020;AC;;state;70;2;False;881935;12;793.709;0.0286
10/04/2020;AL;;state;45;3;False;3337357;27;134.837;0.0667
10/04/2020;AM;;state;981;50;False;4144597;13;2.366.937;0.051
10/04/2020;AP;;state;166;2;False;845731;16;1.962.799;0.012
10/04/2020;BA;;state;616;19;False;14873064;29;414.172;0.0308
10/04/2020;CE;;state;1558;67;False;9132078;23;1.706.074;0.043
10/04/2020;DF;;state;556;14;False;3015268;53;1.843.949;0.0252
10/04/2020;ES;;state;349;8;False;4018650;32;868.451;0.0229
10/04/2020;GO;;state;191;8;False;7018354;52;272.144;0.0419
10/04/2020;MA;;state;344;21;False;7075181;21;486.207;0.061
10/04/2020;MG;;state;698;17;False;21168791;31;329.731;0.0244
10/04/2020;MS;;state;97;2;False;2778986;50;349.048;0.0206
10/04/2020;MT;;state;112;2;False;3484466;51;321.427;0.0179
10/04/2020;PA;;state;217;9;False;8602865;15;252.242;0.0415
10/04/2020;PB;;state;85;11;False;4018127;25;211.541;0.1294
10/04/2020;PE;;state;684;65;False;9557071;26;7.157;0.095
10/04/2020;PI;;state;41;7;False;3273227;22;125.259;0.1707
10/04/2020;PR;;state;655;26;False;11433957;41;572.855;0.0397
10/04/2020;RJ;;state;2464;147;False;17264943;33;1.427.169;0.0597
10/04/2020;RN;;state;263;11;False;3506853;24;74.996;0.0418
10/04/2020;RO;;state;32;2;False;1777225;11;180.056;0.0625
10/04/2020;RR;;state;75;3;False;605761;14;1.238.112;0.04
10/04/2020;RS;;state;640;15;False;11377239;43;562.527;0.0234
10/04/2020;SC;;state;717;18;False;7164788;42;1.000.727;0.0251
10/04/2020;SE;;state;42;4;False;2298696;28;182.712;0.0952
10/04/2020;SP;;state;8216;540;False;45919049;35;1.789.236;0.0657
10/04/2020;TO;;state;23;0;False;1572866;17;14.623;
11/04/2020;AC;;state;72;2;False;881935;12;816.387;0.0278
11/04/2020;AL;;state;48;3;False;3337357;27;143.826;0.0625
11/04/2020;AM;;state;1049;53;False;4144597;13;2.531.006;0.0505
11/04/2020;AP;;state;193;5;False;845731;16;2.282.049;0.0259
11/04/2020;BA;;state;640;21;False;14873064;29;430.308;0.0328
11/04/2020;CE;;state;1668;74;False;9132078;23;1.826.528;0.0444
11/04/2020;DF;;state;592;14;False;3015268;53;1.963.341;0.0236
11/04/2020;ES;;state;383;9;False;4018650;32;953.056;0.0235
11/04/2020;GO;;state;209;10;False;7018354;52;297.791;0.0478
11/04/2020;MA;;state;398;24;False;7075181;21;56.253;0.0603
11/04/2020;MG;;state;750;17;False;21168791;31;354.295;0.0227
11/04/2020;MS;;state;100;2;False;2778986;50;359.843;0.02
11/04/2020;MT;;state;121;3;False;3484466;51;347.256;0.0248
11/04/2020;PA;;state;237;11;False;8602865;15;27.549;0.0464
11/04/2020;PB;;state;101;13;False;4018127;25;251.361;0.1287
11/04/2020;PE;;state;816;72;False;9557071;26;853.818;0.0882
11/04/2020;PI;;state;44;7;False;3273227;22;134.424;0.1591
11/04/2020;PR;;state;688;27;False;11433957;41;601.716;0.0392
11/04/2020;RJ;;state;2607;155;False;17264943;33;1.509.996;0.0595
11/04/2020;RN;;state;289;13;False;3506853;24;824.101;0.045
11/04/2020;RO;;state;34;2;False;1777225;11;191.309;0.0588
11/04/2020;RR;;state;79;3;False;605761;14;1.304.145;0.038
11/04/2020;RS;;state;653;16;False;11377239;43;573.953;0.0245
11/04/2020;SC;;state;732;21;False;7164788;42;1.021.663;0.0287
11/04/2020;SE;;state;44;4;False;2298696;28;191.413;0.0909
11/04/2020;SP;;state;8419;560;False;45919049;35;1.833.444;0.0665
11/04/2020;TO;;state;25;0;False;1572866;17;158.946;
12/04/2020;AC;;state;77;2;False;881935;12;87.308;0.026
12/04/2020;AL;;state;48;3;False;3337357;27;143.826;0.0625
12/04/2020;AM;;state;1206;62;False;4144597;13;2.909.812;0.0514
12/04/2020;AP;;state;237;5;False;845731;16;2.802.309;0.0211
12/04/2020;BA;;state;674;21;False;14873064;29;453.168;0.0312
12/04/2020;CE;;state;1747;76;False;9132078;23;1.913.037;0.0435
12/04/2020;DF;;state;618;14;False;3015268;53;2.049.569;0.0227
12/04/2020;ES;;state;430;14;False;4018650;32;1.070.011;0.0326
12/04/2020;GO;;state;229;14;False;7018354;52;326.287;0.0611
12/04/2020;MA;;state;445;27;False;7075181;21;628.959;0.0607
12/04/2020;MG;;state;806;20;False;21168791;31;380.749;0.0248
12/04/2020;MS;;state;101;2;False;2778986;50;363.442;0.0198
12/04/2020;MT;;state;123;3;False;3484466;51;352.995;0.0244
12/04/2020;PA;;state;259;14;False;8602865;15;301.062;0.0541
12/04/2020;PB;;state;111;13;False;4018127;25;276.248;0.1171
12/04/2020;PE;;state;960;85;False;9557071;26;1.004.492;0.0885
12/04/2020;PI;;state;51;7;False;3273227;22;15.581;0.1373
12/04/2020;PR;;state;750;31;False;11433957;41;655.941;0.0413
12/04/2020;RJ;;state;2855;170;False;17264943;33;165.364;0.0595
12/04/2020;RN;;state;339;17;False;3506853;24;966.679;0.0501
12/04/2020;RO;;state;42;2;False;1777225;11;236.323;0.0476
12/04/2020;RR;;state;83;3;False;605761;14;1.370.177;0.0361
12/04/2020;RS;;state;664;16;False;11377239;43;583.621;0.0241
12/04/2020;SC;;state;776;24;False;7164788;42;1.083.075;0.0309
12/04/2020;SP;;state;8755;588;False;45919049;35;1.906.616;0.0672
12/04/2020;TO;;state;26;0;False;1572866;17;165.303;
13/04/2020;AC;;state;90;3;False;881935;12;1.020.483;0.0333
13/04/2020;AL;;state;58;4;False;3337357;27;17.379;0.069
13/04/2020;AM;;state;1275;71;False;4144597;13;3.076.294;0.0557
13/04/2020;AP;;state;244;6;False;845731;16;2.885.078;0.0246
13/04/2020;BA;;state;723;22;False;14873064;29;486.114;0.0304
13/04/2020;CE;;state;1935;101;False;9132078;23;2.118.904;0.0522
13/04/2020;DF;;state;641;15;False;3015268;53;2.125.848;0.0234
13/04/2020;ES;;state;463;17;False;4018650;32;1.152.128;0.0367
13/04/2020;GO;;state;233;15;False;7018354;52;331.987;0.0644
13/04/2020;MA;;state;478;32;False;7075181;21;675.601;0.0669
13/04/2020;MG;;state;815;23;False;21168791;31;385.001;0.0282
13/04/2020;MS;;state;113;4;False;2778986;50;406.623;0.0354
13/04/2020;MT;;state;134;4;False;3484466;51;384.564;0.0299
13/04/2020;PA;;state;310;14;False;8602865;15;360.345;0.0452
13/04/2020;PB;;state;136;16;False;4018127;25;338.466;0.1176
13/04/2020;PE;;state;1154;102;False;9557071;26;1.207.483;0.0884
13/04/2020;PI;;state;58;8;False;3273227;22;177.195;0.1379
13/04/2020;PR;;state;768;33;False;11433957;41;671.683;0.043
13/04/2020;RJ;;state;3221;182;False;17264943;33;186.563;0.0565
13/04/2020;RN;;state;376;18;False;3506853;24;1.072.186;0.0479
13/04/2020;RR;;state;113;3;False;605761;14;1.865.422;0.0265
13/04/2020;RS;;state;685;17;False;11377239;43;602.079;0.0248
13/04/2020;SC;;state;826;26;False;7164788;42;115.286;0.0315
13/04/2020;SE;;state;45;4;False;2298696;28;195.763;0.0889
13/04/2020;SP;;state;8895;608;False;45919049;35;1.937.105;0.0684
13/04/2020;TO;;state;26;0;False;1572866;17;165.303;
14/04/2020;AC;;state;99;3;False;881935;12;1.122.532;0.0303
14/04/2020;AL;;state;72;4;False;3337357;27;21.574;0.0556
14/04/2020;AM;;state;1484;90;False;4144597;13;3.580.565;0.0606
14/04/2020;AP;;state;308;7;False;845731;16;364.182;0.0227
14/04/2020;BA;;state;776;26;False;14873064;29;521.749;0.0335
14/04/2020;CE;;state;2070;111;False;9132078;23;2.266.735;0.0536
14/04/2020;DF;;state;651;17;False;3015268;53;2.159.012;0.0261
14/04/2020;ES;;state;557;18;False;4018650;32;1.386.038;0.0323
14/04/2020;GO;;state;284;15;False;7018354;52;404.653;0.0528
14/04/2020;MA;;state;630;34;False;7075181;21;890.437;0.054
14/04/2020;MG;;state;884;27;False;21168791;31;417.596;0.0305
14/04/2020;MS;;state;115;4;False;2778986;50;41.382;0.0348
14/04/2020;MT;;state;138;4;False;3484466;51;396.043;0.029
14/04/2020;PA;;state;384;21;False;8602865;15;446.363;0.0547
14/04/2020;PB;;state;152;21;False;4018127;25;378.286;0.1382
14/04/2020;PE;;state;1284;115;False;9557071;26;1.343.508;0.0896
14/04/2020;PI;;state;75;8;False;3273227;22;229.132;0.1067
14/04/2020;PR;;state;803;39;False;11433957;41;702.294;0.0486
14/04/2020;RJ;;state;3410;224;False;17264943;33;1.975.101;0.0657
14/04/2020;RN;;state;399;19;False;3506853;24;1.137.772;0.0476
14/04/2020;RO;;state;69;2;False;1777225;11;388.246;0.029
14/04/2020;RR;;state;114;3;False;605761;14;188.193;0.0263
14/04/2020;RS;;state;720;18;False;11377239;43;632.842;0.025
14/04/2020;SC;;state;853;28;False;7164788;42;1.190.545;0.0328
14/04/2020;SE;;state;46;4;False;2298696;28;200.113;0.087
14/04/2020;SP;;state;9371;695;False;45919049;35;2.040.765;0.0742
14/04/2020;TO;;state;27;0;False;1572866;17;171.661;
15/04/2020;AC;;state;101;4;False;881935;12;1.145.209;0.0396
15/04/2020;AL;;state;83;5;False;3337357;27;2.487;0.0602
15/04/2020;AM;;state;1554;106;False;4144597;13;374.946;0.0682
15/04/2020;AP;;state;342;7;False;845731;16;4.043.839;0.0205
15/04/2020;BA;;state;884;28;False;14873064;29;594.363;0.0317
15/04/2020;CE;;state;2291;124;False;9132078;23;2.508.739;0.0541
15/04/2020;DF;;state;688;17;False;3015268;53;2.281.721;0.0247
15/04/2020;ES;;state;734;21;False;4018650;32;1.826.484;0.0286
15/04/2020;GO;;state;304;15;False;7018354;52;43.315;0.0493
15/04/2020;MA;;state;695;37;False;7075181;21;982.307;0.0532
15/04/2020;MG;;state;903;30;False;21168791;31;426.571;0.0332
15/04/2020;MS;;state;121;4;False;2778986;50;435.411;0.0331
15/04/2020;MT;;state;151;4;False;3484466;51;433.352;0.0265
15/04/2020;PA;;state;487;21;False;8602865;15;56.609;0.0431
15/04/2020;PB;;state;165;24;False;4018127;25;410.639;0.1455
15/04/2020;PE;;state;1484;143;False;9557071;26;1.552.777;0.0964
15/04/2020;PI;;state;91;8;False;3273227;22;278.013;0.0879
15/04/2020;PR;;state;816;41;False;11433957;41;713.664;0.0502
15/04/2020;RJ;;state;3743;265;False;17264943;33;2.167.977;0.0708
15/04/2020;RN;;state;400;20;False;3506853;24;1.140.624;0.05
15/04/2020;RO;;state;73;2;False;1777225;11;410.753;0.0274
15/04/2020;RR;;state;142;3;False;605761;14;2.344.159;0.0211
15/04/2020;RS;;state;762;19;False;11377239;43;669.758;0.0249
15/04/2020;SC;;state;884;29;False;7164788;42;1.233.812;0.0328
15/04/2020;SE;;state;48;4;False;2298696;28;208.814;0.0833
15/04/2020;SP;;state;11043;778;False;45919049;35;2.404.884;0.0705
15/04/2020;TO;;state;29;1;False;1572866;17;184.377;0.0345
16/04/2020;AC;;state;115;5;False;881935;12;1.303.951;0.0435
16/04/2020;AL;;state;89;5;False;3337357;27;266.678;0.0562
16/04/2020;AM;;state;1719;124;False;4144597;13;4.147.569;0.0721
16/04/2020;AP;;state;362;10;False;845731;16;4.280.321;0.0276
16/04/2020;BA;;state;967;34;False;14873064;29;650.169;0.0352
16/04/2020;CE;;state;2412;135;False;9132078;23;2.641.239;0.056
16/04/2020;DF;;state;727;20;False;3015268;53;2.411.063;0.0275
16/04/2020;ES;;state;935;28;False;4018650;32;2.326.652;0.0299
16/04/2020;GO;;state;318;16;False;7018354;52;453.098;0.0503
16/04/2020;MA;;state;797;40;False;7075181;21;1.126.473;0.0502
16/04/2020;MG;;state;958;33;False;21168791;31;452.553;0.0344
16/04/2020;MS;;state;131;5;False;2778986;50;471.395;0.0382
16/04/2020;MT;;state;156;5;False;3484466;51;447.701;0.0321
16/04/2020;PA;;state;557;26;False;8602865;15;647.459;0.0467
16/04/2020;PB;;state;195;26;False;4018127;25;485.301;0.1333
16/04/2020;PE;;state;1683;160;False;9557071;26;17.61;0.0951
16/04/2020;PI;;state;102;8;False;3273227;22;311.619;0.0784
16/04/2020;PR;;state;845;43;False;11433957;41;739.027;0.0509
16/04/2020;RJ;;state;3944;301;False;17264943;33;2.284.398;0.0763
16/04/2020;RN;;state;463;23;False;3506853;24;1.320.272;0.0497
16/04/2020;RO;;state;92;3;False;1777225;11;517.661;0.0326
16/04/2020;RR;;state;164;3;False;605761;14;2.707.338;0.0183
16/04/2020;RS;;state;792;21;False;11377239;43;696.127;0.0265
16/04/2020;SC;;state;926;30;False;7164788;42;1.292.432;0.0324
16/04/2020;SE;;state;53;4;False;2298696;28;230.566;0.0755
16/04/2020;SP;;state;11568;853;False;45919049;35;2.519.216;0.0737
16/04/2020;TO;;state;31;1;False;1572866;17;197.092;0.0323
17/04/2020;AC;;state;135;5;False;881935;12;1.530.725;0.037
17/04/2020;AL;;state;110;7;False;3337357;27;329.602;0.0636
17/04/2020;AM;;state;1809;145;False;4144597;13;4.364.719;0.0802
17/04/2020;AP;;state;375;10;False;845731;16;4.434.034;0.0267
17/04/2020;BA;;state;1064;36;False;14873064;29;715.387;0.0338
17/04/2020;CE;;state;2747;155;False;9132078;23;3.008.078;0.0564
17/04/2020;DF;;state;756;24;False;3015268;53;250.724;0.0317
17/04/2020;ES;;state;952;28;False;4018650;32;2.368.955;0.0294
17/04/2020;GO;;state;335;16;False;7018354;52;47.732;0.0478
17/04/2020;MA;;state;1040;44;False;7075181;21;1.469.927;0.0423
17/04/2020;MG;;state;1021;35;False;21168791;31;482.314;0.0343
17/04/2020;MS;;state;143;5;False;2778986;50;514.576;0.035
17/04/2020;MT;;state;162;5;False;3484466;51;464.921;0.0309
17/04/2020;PA;;state;627;32;False;8602865;15;728.827;0.051
17/04/2020;PB;;state;205;28;False;4018127;25;510.188;0.1366
17/04/2020;PE;;state;2006;186;False;9557071;26;2.098.969;0.0927
17/04/2020;PI;;state;123;9;False;3273227;22;375.776;0.0732
17/04/2020;PR;;state;887;44;False;11433957;41;775.759;0.0496
17/04/2020;RJ;;state;4349;341;False;17264943;33;2.518.977;0.0784
17/04/2020;RN;;state;516;24;False;3506853;24;1.471.405;0.0465
17/04/2020;RO;;state;110;3;False;1777225;11;618.942;0.0273
17/04/2020;RR;;state;201;3;False;605761;14;331.814;0.0149
17/04/2020;RS;;state;831;24;False;11377239;43;730.406;0.0289
17/04/2020;SC;;state;962;31;False;7164788;42;1.342.678;0.0322
17/04/2020;SE;;state;58;4;False;2298696;28;252.317;0.069
17/04/2020;SP;;state;12841;928;False;45919049;35;2.796.443;0.0723
17/04/2020;TO;;state;32;1;False;1572866;17;20.345;0.0312
18/04/2020;AC;;state;142;6;False;881935;12;1.610.096;0.0423
18/04/2020;AL;;state;132;10;False;3337357;27;395.523;0.0758
18/04/2020;AM;;state;1897;161;False;4144597;13;4.577.043;0.0849
18/04/2020;AP;;state;400;10;False;845731;16;4.729.636;0.025
18/04/2020;BA;;state;1200;40;False;14873064;29;806.828;0.0333
18/04/2020;CE;;state;3062;180;False;9132078;23;3.353.016;0.0588
18/04/2020;DF;;state;796;24;False;3015268;53;2.639.898;0.0302
18/04/2020;ES;;state;1099;30;False;4018650;32;2.734.749;0.0273
18/04/2020;GO;;state;378;18;False;7018354;52;538.588;0.0476
18/04/2020;MA;;state;1205;48;False;7075181;21;1.703.137;0.0398
18/04/2020;MG;;state;1077;39;False;21168791;31;508.768;0.0362
18/04/2020;MS;;state;161;5;False;2778986;50;579.348;0.0311
18/04/2020;MT;;state;171;5;False;3484466;51;49.075;0.0292
18/04/2020;PA;;state;641;33;False;8602865;15;745.101;0.0515
18/04/2020;PB;;state;236;29;False;4018127;25;587.338;0.1229
18/04/2020;PE;;state;2193;205;False;9557071;26;2.294.636;0.0935
18/04/2020;PI;;state;144;10;False;3273227;22;439.933;0.0694
18/04/2020;PR;;state;960;49;False;11433957;41;839.604;0.051
18/04/2020;RJ;;state;4543;387;False;17264943;33;2.631.344;0.0852
18/04/2020;RN;;state;561;26;False;3506853;24;1.599.725;0.0463
18/04/2020;RO;;state;128;4;False;1777225;11;720.224;0.0312
18/04/2020;RR;;state;222;3;False;605761;14;3.664.812;0.0135
18/04/2020;RS;;state;854;24;False;11377239;43;750.621;0.0281
18/04/2020;SC;;state;975;32;False;7164788;42;1.360.822;0.0328
18/04/2020;SE;;state;71;5;False;2298696;28;308.871;0.0704
18/04/2020;SP;;state;13894;991;False;45919049;35;302.576;0.0713
18/04/2020;TO;;state;33;1;False;1572866;17;209.808;0.0303
19/04/2020;AC;;state;163;6;False;881935;12;1.848.209;0.0368
19/04/2020;AL;;state;159;15;False;3337357;27;476.425;0.0943
19/04/2020;AM;;state;2044;182;False;4144597;13;4.931.722;0.089
19/04/2020;AP;;state;416;11;False;845731;16;4.918.822;0.0264
19/04/2020;BA;;state;1249;45;False;14873064;29;839.773;0.036
19/04/2020;CE;;state;3306;189;False;9132078;23;3.620.206;0.0572
19/04/2020;DF;;state;860;24;False;3015268;53;2.852.151;0.0279
19/04/2020;ES;;state;1195;34;False;4018650;32;2.973.635;0.0285
19/04/2020;GO;;state;393;18;False;7018354;52;55.996;0.0458
19/04/2020;MA;;state;1320;54;False;7075181;21;1.865.677;0.0409
19/04/2020;MG;;state;1154;39;False;21168791;31;545.142;0.0338
19/04/2020;MS;;state;168;5;False;2778986;50;604.537;0.0298
19/04/2020;MT;;state;174;5;False;3484466;51;499.359;0.0287
19/04/2020;PA;;state;685;34;False;8602865;15;796.246;0.0496
19/04/2020;PB;;state;245;32;False;4018127;25;609.737;0.1306
19/04/2020;PE;;state;2459;216;False;9557071;26;2.572.964;0.0878
19/04/2020;PI;;state;158;12;False;3273227;22;482.704;0.0759
19/04/2020;PR;;state;1002;52;False;11433957;41;876.337;0.0519
19/04/2020;RJ;;state;4675;402;False;17264943;33;2.707.799;0.086
19/04/2020;RN;;state;595;27;False;3506853;24;1.696.678;0.0454
19/04/2020;RO;;state;160;4;False;1777225;11;90.028;0.025
19/04/2020;RR;;state;244;3;False;605761;14;4.027.991;0.0123
19/04/2020;RS;;state;869;26;False;11377239;43;763.806;0.0299
19/04/2020;SC;;state;1025;35;False;7164788;42;1.430.608;0.0341
19/04/2020;SE;;state;86;5;False;2298696;28;374.125;0.0581
19/04/2020;SP;;state;14267;1015;False;45919049;35;3.106.989;0.0711
19/04/2020;TO;;state;34;1;False;1572866;17;216.166;0.0294
20/04/2020;AC;;state;176;8;False;881935;12;1.995.612;0.0455
20/04/2020;AL;;state;171;18;False;3337357;27;512.382;0.1053
20/04/2020;AM;;state;2160;185;False;4144597;13;5.211.604;0.0856
20/04/2020;AP;;state;435;13;False;845731;16;5.143.479;0.0299
20/04/2020;BA;;state;1377;47;False;14873064;29;925.835;0.0341
20/04/2020;CE;;state;3485;206;False;9132078;23;3.816.218;0.0591
20/04/2020;DF;;state;875;24;False;3015268;53;2.901.898;0.0274
20/04/2020;ES;;state;1212;34;False;4018650;32;3.015.938;0.0281
20/04/2020;GO;;state;403;19;False;7018354;52;574.209;0.0471
20/04/2020;MA;;state;1396;60;False;7075181;21;1.973.094;0.043
20/04/2020;MG;;state;1189;41;False;21168791;31;561.676;0.0345
20/04/2020;MS;;state;171;5;False;2778986;50;615.332;0.0292
20/04/2020;MT;;state;181;6;False;3484466;51;519.448;0.0331
20/04/2020;PA;;state;902;35;False;8602865;15;1.048.488;0.0388
20/04/2020;PB;;state;263;33;False;4018127;25;654.534;0.1255
20/04/2020;PE;;state;2690;234;False;9557071;26;281.467;0.087
20/04/2020;PI;;state;186;14;False;3273227;22;568.247;0.0753
20/04/2020;PR;;state;1022;53;True;11433957;41;893.829;0.0519
20/04/2020;RJ;;state;4899;422;False;17264943;33;2.837.542;0.0861
20/04/2020;RN;;state;608;28;True;3506853;24;1.733.748;0.0461
20/04/2020;RO;;state;199;4;False;1777225;11;1.119.723;0.0201
20/04/2020;RR;;state;247;3;False;605761;14;4.077.516;0.0121
20/04/2020;RS;;state;904;27;False;11377239;43;794.569;0.0299
20/04/2020;SC;;state;1063;35;False;7164788;42;1.483.645;0.0329
20/04/2020;SE;;state;92;5;False;2298696;28;400.227;0.0543
20/04/2020;SP;;state;14580;1037;False;45919049;35;3.175.153;0.0711
20/04/2020;TO;;state;35;2;False;1572866;17;222.524;0.0571
21/04/2020;AC;;state;195;8;True;881935;12;2.211.047;0.041
21/04/2020;AL;;state;210;19;True;3337357;27;62.924;0.0905
21/04/2020;AM;;state;2270;193;True;4144597;13;547.701;0.085
21/04/2020;AP;;state;466;13;True;845731;16;5.510.026;0.0279
21/04/2020;BA;;state;1504;48;True;14873064;29;1.011.224;0.0319
21/04/2020;CE;;state;3682;221;True;9132078;23;4.031.941;0.06
21/04/2020;DF;;state;913;24;True;3015268;53;3.027.923;0.0263
21/04/2020;ES;;state;1313;34;True;4018650;32;3.267.266;0.0259
21/04/2020;GO;;state;421;19;True;7018354;52;599.856;0.0451
21/04/2020;MA;;state;1604;66;True;7075181;21;226.708;0.0411
21/04/2020;MG;;state;1230;44;True;21168791;31;581.044;0.0358
21/04/2020;MS;;state;173;6;True;2778986;50;622.529;0.0347
21/04/2020;MT;;state;181;6;True;3484466;51;519.448;0.0331
21/04/2020;PA;;state;1026;38;True;8602865;15;1.192.626;0.037
21/04/2020;PB;;state;301;39;True;4018127;25;749.105;0.1296
21/04/2020;PE;;state;2908;260;True;9557071;26;3.042.773;0.0894
21/04/2020;PI;;state;206;15;True;3273227;22;629.348;0.0728
21/04/2020;RJ;;state;5306;461;True;17264943;33;307.328;0.0869
21/04/2020;RO;;state;223;5;True;1777225;11;1.254.765;0.0224
21/04/2020;RR;;state;280;3;True;605761;14;4.622.285;0.0107
21/04/2020;RS;;state;918;27;True;11377239;43;806.874;0.0294
21/04/2020;SC;;state;1091;37;True;7164788;42;1.522.725;0.0339
21/04/2020;SE;;state;117;7;True;2298696;28;508.984;0.0598
21/04/2020;SP;;state;15385;1093;True;45919049;35;3.350.461;0.071
21/04/2020;TO;;state;36;2;True;1572866;17;228.882;0.0556
